"divisao";"nomeClube";"nomeManager"
B1;Colorado da Serra;Querberus
B1;Wolf Guará Futebol Clube;fabiolandim
B1;Bit Futebol Clube;bitencs
B1;bnetto;bnetto
B1;Sport Club Flecha;Flecha
B1;Atletic Rock;Jeff Rock
B1;Amnésia F.C.;marcelohallais
B1;Capelópolis FC;Riho
B1;Piraloku FC;piraloku
B1;Futebol FC;J Quadros
B1;The Walking Dead;Leonardo MD
B1;Marotos da Gama;lRafaPerez
B2;Bento FC;Allan Pinheiro
B2;Big Fish FC;jedimv
B2;"3Kings United";RAD3Kings
B2;Balta Financial Services;ernestofv01
B2;Niterói Futebol Clube (fredinho);fredinho
B2;Meier Futebol Clube;Tevito
B2;Real Molotov F.C.;ClederPX
B2;Esporte Clube Cajueiro;sergioricardojr
B2;Chocolate Sensual;jochinski
B2;Bangu (Jefersonpereira);Jefersonpereira
B2;Rato da Gama;Xundoca
B2;Douradina City;DIONESRS00
C1;Club de Regatas do Quiosque;Rodriguardiola
C1;EC Sírio;amaralandre
C1;Trenó Virtual (Ander29);Ander29
C1;Seu Serrinha FC (GustavoC);GustavoC
C1;Bar do Cróvis;Valterreynaldo_BR
C1;Electro Club;VictorCosta
C1;Estrela da Ponte;Tavinho
C1;Iron Shins Football Club;Bernardi
C1;Abelizado FC;Leandro11
C1;Pois Pronto Futebol Clube;lhenriquesoares
C1;Esporte Clube Paulista;brunorolim
C1;Lespa FC;vinnycastr0
C2;Piratas do Clubismo;obinBR
C2;Flamengo (ZzYuji);ZzYuji
C2;Furia Esporte Clube;Klio
C2;Voltorb FC (raul_vila);raul_vila
C2;Municipal FC;Paquenuto
C2;Gigante Vasco Brasilia;lacerda10
C2;Bastardos Inglórios FC;drgonzo
C2;FC Made in Hell;Guilherme Lange
C2;Galladoz FC;pdjvarela
C2;Club Athletico Paranaense;zanotim89
C2;Salvador FC (igors17);igors17
C2;Trem-Rasta da Colina;Duboldin
C3;Baile de Munique br;Wesleygomes
C3;Mýkonos Grecco Futebol Club;Flavio Gabriel
C3;El Mineiro;Kroz
C3;Deportivo Otavalo;Zed the Dog
C3;Esporte Clube Caju;pretobahia
C3;Trem Fantasma;doc2342
C3;FC Homero;homeromartino
C3;Eucaliptos MCZ;RHARY OLIVEIRA
C3;Revelação F.C;dudu381
C3;FN United;Fnegrao
C3;Clube Atlético Bancário;fsilvamoraes30
C3;Sociedade Esportiva Aurora;uranium238
C4;Dynamo Osasco;shaugo
C4;AD Joãonesburgo;Joaonuzaj
C4;XAVIER VASCO FC;mvxavier
C4;Black Griffins FC;GodS
C4;Botafogo F. R.;carlito rocha
C4;Esporte Clube Baconlândia;Doutor Bacon
C4;Lunguinha F.C ;Christopherlunga
C4;MSFlamengo;marcos_fdt
C4;DBR Futebol Clube;Dr Dbreis
C4;RuPaul's Drags Team;Bruninacio
C4;Vascão da Massa;fredcarneiro
C4;Club Vikings Valhalla ;dwhzorak
C5;Nettotricolor ;nettotricolor
C5;Taromagento FC;Tecnico Guilherme
C5;Lôbrego FC;GustavoSmaniotto
C5;ATHLETICO PRaiano;CAPcampeao
C5;Tux Soccer;Kados87
C5;Bagrinhos FC;tferreira
C5;Máxima F.C;Marcos Miranda
C5;Stefinho FC;Ephestos
C5;Araras Vermelhas FC;AlexBonfa
C5;Chelsea Football Club (Scoobypacoca);Scoobypacoca
C5;Maranhão Guarás ;MarcosMartins
C5;Trem-Bala de Cotia;rodrigorfs
C6;Futleria Futebol Clube;Fuminalser
C6;FC Belo Horizonte;navel
C6;Galácticos do Tsunami;edomeirelles
C6;Imortal Tubarão ;Thiago25
C6;Paulistano Athletic Club;scoelho
C6;'@intervalqueire;bmello16
C6;Pavel & Amigos;Strideromega
C6;Ferreira Futebol Clube;Marceloaf1978
C6;Realengo Futebol Clube;Darlan
C6;FC Skip;jpercivalle
C6;Santaço FC;mrjxao
C6;Campinas Futebol Clube;mmazarin
C7;Borussia Monte Chei De Gado;ItaloAntonio
C7;Ceará Sporting Club;paulocarvalho
C7;Tramontina FC;n_edu
C7;Project Mayhem;tylerdurden
C7;Fabão FC;fabianomiola
C7;Chronos Football Club;RodCarnielli
C7;BJ VASCO;PAULIRAN_9
C7;Paracambi FC (Breno Cardoso);Breno Cardoso
C7;Real Madruga;Madruguinha
C7;Atlético Insulano Futsal Club;acormann
C7;Xurumela Caramuru;PequenoRibeiro
C7;Golden Eagle Warriors ;josedourado77
C8;Centro Sportivo Alagoano (danielntavares);danielntavares
C8;Mugraria Futebol Raça;felipefcechet
C8;Ocean FC;Azul
C8;Didicos FC;Leandro2071848
C8;Athayde FC;Athayde FC
C8;Cirandinha DRAMA Futebol Clube;fabao oliveira
C8;BOTACOCA;mfreism
C8;Sobradinho Esporte Clube;Bruno2sp
C8;S.C. Quebra Perna;leobertuol
C8;Sport Club K-maradas;mrcaurelio
C8;Pedrow FC;Waksman
C8;Rosário;PedroGoncalves
CB;Na Canela™;dgrillop
CB;Nivek United;Nivek_Rolim
CB;São Paulo F.C.;kill_the_cow
CB;Geny F.C;Rexsmb
CB;Candal FC;dcandal
CB;Udi City F.C;fellypete
CB;Atlético Potiguar;hannyel
CB;Guará E.C;gleitonpb
CB;Big Soccer FC;Mitobotmuca
CB;Avanti Palestra!;CPissinatti
CB;Desportivo Sol;lucca261
CB;Touro do Sertão;VLOE
